id;user_image;user_image_content_type;name;email;recevier_email;phone;address;gender;place_of_birth;date_of_birth;visa_details;citizenship;resume;resume_content_type;employee_application;employee_orientation;employee_identification;security_clearance;medical_clearance;employee_wellness;emergency_contact
1;../fake-data/blob/hipster.png;image/png;Credit Card Account;Jazmin.Becker@yahoo.com;Chair Indiana;073.410.9507 x7271;Canadian Dollar black;Response;Multi-layered grow;2020-02-22T04:56:52;B2C compress;solid state;../fake-data/blob/hipster.png;image/png;true;true;false;false;true;true;true
2;../fake-data/blob/hipster.png;image/png;Books SAS Tennessee;Marianne89@hotmail.com;scale systematic Chief;(903) 106-8979;GB Orchard;Bulgarian Lev Robust impactful;Directives SAS;2020-02-22T04:29:51;Palladium;Kyat Checking Account;../fake-data/blob/hipster.png;image/png;true;true;false;true;true;false;false
3;../fake-data/blob/hipster.png;image/png;Egyptian Pound sky blue Customer;Sheldon5@hotmail.com;Berkshire Money Market Account Director;906-911-2484;interfaces;optical Handcrafted Frozen Keyboard Strategist;Sports;2020-02-22T02:40:18;Direct Shoals;front-end;../fake-data/blob/hipster.png;image/png;true;true;false;true;true;false;true
4;../fake-data/blob/hipster.png;image/png;Baby Reduced;Elliott83@yahoo.com;copy Practical Frozen Ball Metal;(333) 624-4783 x471;tan;Granite;Nebraska frictionless open-source;2020-02-22T08:39:21;magenta Generic Steel Salad;Principal;../fake-data/blob/hipster.png;image/png;true;false;true;false;true;true;false
5;../fake-data/blob/hipster.png;image/png;Awesome global;Cary_Stark82@yahoo.com;Representative transmit New York;(327) 604-0262 x41423;Martinique;green;calculate Executive;2020-02-22T19:21:57;circuit hacking Interactions;black Tools copying;../fake-data/blob/hipster.png;image/png;false;false;false;true;false;false;false
6;../fake-data/blob/hipster.png;image/png;Rand Namibia Dollar French Southern Territories;Earlene76@yahoo.com;SDD eco-centric;1-531-940-5900 x7510;Practical;maximize;override Lithuania payment;2020-02-22T05:38:48;expedite Virtual;Operations;../fake-data/blob/hipster.png;image/png;true;false;true;false;true;false;false
7;../fake-data/blob/hipster.png;image/png;Games Terrace;Clemens.Casper@yahoo.com;communities invoice;1-381-484-6109 x1584;partnerships;Officer indexing transmitting;engage;2020-02-22T17:31:08;Valleys hard drive Team-oriented;Minnesota mobile;../fake-data/blob/hipster.png;image/png;false;true;true;true;true;false;true
8;../fake-data/blob/hipster.png;image/png;Islands e-business;Grady3@hotmail.com;Sports;(148) 754-6261;multi-byte;mobile payment Japan;Savings Account XML Ergonomic;2020-02-22T08:43:52;high-level Corporate;Liaison;../fake-data/blob/hipster.png;image/png;false;false;false;true;false;true;true
9;../fake-data/blob/hipster.png;image/png;tangible;Brennan_Bayer3@hotmail.com;Quality Savings Account Savings Account;1-894-971-4716 x1924;Human Cotton;Soft EXE;Avon Cambridgeshire;2020-02-22T15:26:38;Quality-focused Brunei Darussalam invoice;New York impactful aggregate;../fake-data/blob/hipster.png;image/png;false;true;true;true;false;true;true
10;../fake-data/blob/hipster.png;image/png;Sharable;Lupe4@gmail.com;hack monetize;1-597-956-9117;bandwidth collaboration;overriding Practical methodology;generating;2020-02-22T07:35:04;Awesome;synthesizing enhance;../fake-data/blob/hipster.png;image/png;false;true;true;false;false;true;false
